"","...1","followup_fallstudyhours","followup_getwritinghelp","followup_metwithinstructor","followup_metwithfreetutor","followup_imptodowellatuoft","followup_depressed","followup_stressed","fathers_education","mothers_education","fall_meangrade_year1","exp_gradschl","agreeableness2","agreeableness","extraversion2","extraversion","study_habit"
"1",2,6,4,2,0,6,0,0,2,1,80.5,0,-0.710559010505676,0,-0.514051795005798,0,6
"2",5,5,2,0,0,6,2,3,7,7,73.75,0,0.0602638274431229,1,0.444669157266617,1,2
"3",6,6,2,0,2,7,1,2,6,6,77.75,0,-0.710559010505676,0,0.284882336854935,1,4
"4",10,2,4,5,0,4,0,1,7,8,64.1999969482422,0,-0.325147598981857,0,-0.833625435829163,0,9
"5",16,4,5,0,0,6,2,2,6,6,79.25,0,-0.517853319644928,0,0.284882336854935,1,5
"6",18,2,5,2,1,4,3,2,6,6,76.75,1,-0.903264701366425,0,0.604456007480621,1,8
"7",19,48,2,8,5,7,2,3,0,0,72.75,1,0.831086695194244,1,-0.833625435829163,0,15
"8",22,2,3,0,0,7,1,1,6,6,47.3333320617676,0,-0.325147598981857,0,-0.67383861541748,0,3
"9",23,8,3,1,1,5,1,2,1,7,73.3333358764648,0,0.831086695194244,1,0.125095501542091,1,5
"10",24,6,4,0,0,7,3,3,6,6,51.25,0,-0.325147598981857,0,0.924029648303986,1,4
"11",26,1,5,0,0,6,3,3,6,6,69,1,-0.903264701366425,0,0.444669157266617,1,5
"12",27,35,4,0,0,5,2,3,8,8,91.5,0,0.0602638274431229,1,0.125095501542091,1,4
"13",28,1,1,1,2,5,1,3,6,6,70,0,-0.325147598981857,0,0.284882336854935,1,4
"14",32,3,4,0,0,4,3,3,6,6,56,1,0.445675253868103,1,0.125095501542091,1,4
"15",36,4,3,1,0,7,1,1,6,6,73.3333358764648,0,-0.710559010505676,0,0.284882336854935,1,4
"16",37,2,4,5,5,5,0,2,8,6,74,1,-0.903264701366425,0,-0.0346913151443005,0,14
"17",38,8,2,0,1,5,0,1,7,8,60.75,1,-0.710559010505676,0,-0.354264974594116,0,3
"18",42,9,5,1,0,7,2,2,5,6,73,0,0.831086695194244,1,0.764242827892303,1,6
"19",45,2,3,2,5,7,0,1,5,5,70,0,0.445675253868103,1,-0.67383861541748,0,10
"20",46,3,1,0,0,6,3,3,6,1,63.5,1,0.445675253868103,1,-0.833625435829163,0,1
"21",47,3,5,0,2,7,3,3,5,5,62,0,0.0602638274431229,1,-0.0346913151443005,0,7
"22",48,30,1,5,5,7,2,3,6,6,62.5,0,0.638380944728851,1,-0.833625435829163,0,11
"23",50,18,4,2,0,7,1,2,6,2,76.6666641235352,1,0.638380944728851,1,-0.993412256240845,0,6
"24",51,6,4,1,1,4,3,3,5,7,34,1,0.831086695194244,1,-0.514051795005798,0,6
"25",52,1,3,2,2,5,2,2,2,2,54.6666679382324,0,-0.903264701366425,0,-0.0346913151443005,0,7
"26",57,10,4,1,1,6,2,3,6,2,64.5,1,-0.325147598981857,0,-0.833625435829163,0,6
"27",58,4,6,1,2,7,2,2,2,2,48.6666679382324,0,-0.132441878318787,0,0.284882336854935,1,9
"28",59,8,6,5,5,7,0,1,7,7,21,1,-0.325147598981857,0,-0.194478139281273,0,16
"29",60,5,5,1,5,5,2,3,7,6,67.5,0,-0.132441878318787,0,-0.0346913151443005,0,11
"30",62,2,4,2,0,6,3,1,5,2,90,0,0.445675253868103,1,-0.514051795005798,0,6
"31",63,8,5,0,5,7,2,2,6,6,71.6666641235352,1,-0.710559010505676,0,0.764242827892303,1,10
"32",64,5,2,2,2,3,2,1,5,2,56,0,-0.325147598981857,0,-0.0346913151443005,0,6
"33",65,7,4,0,1,5,1,2,6,6,80.6666641235352,0,0.252969533205032,1,-0.194478139281273,0,5
"34",70,16,1,0,0,4,2,1,2,1,82.3333358764648,1,0.638380944728851,1,-0.0346913151443005,0,1
"35",71,6,5,2,5,7,3,2,0,2,68,1,-0.132441878318787,0,0.284882336854935,1,12
"36",72,4,4,2,0,3,1,1,6,4,65,1,0.445675253868103,1,-0.354264974594116,0,6
"37",73,3,4,1,5,7,3,3,5,1,81.3333358764648,0,0.0602638274431229,1,0.444669157266617,1,10
"38",78,12,5,2,8,6,2,1,1,2,67,0,-0.903264701366425,0,0.125095501542091,1,15
"39",80,18,5,0,0,4,2,2,6,6,88.75,1,0.0602638274431229,1,-0.194478139281273,0,5
"40",83,8,5,1,2,6,1,2,6,6,43,1,-0.710559010505676,0,-0.354264974594116,0,8
"41",85,14,4,0,0,7,0,1,2,5,70.5,1,0.0602638274431229,1,-0.0346913151443005,0,4
"42",86,24,3,1,0,7,2,2,7,8,57,1,0.0602638274431229,1,0.125095501542091,1,4
"43",88,4,5,1,0,5,1,2,2,1,65.25,1,-0.903264701366425,0,-0.0346913151443005,0,6
"44",91,5,2,0,2,5,1,2,1,5,45,0,0.831086695194244,1,0.444669157266617,1,4
"45",93,3,3,0,0,6,1,1,5,6,82.5,0,0.0602638274431229,1,-0.514051795005798,0,3
"46",95,2,3,1,0,7,2,2,5,6,55,1,-0.710559010505676,0,0.444669157266617,1,4
"47",97,2,1,0,0,7,3,3,0,0,56.5,0,0.445675253868103,1,-0.67383861541748,0,1
"48",98,4,2,0,0,7,2,1,6,6,84,1,0.638380944728851,1,0.604456007480621,1,2
"49",99,8,4,0,2,3,2,2,7,2,71.3333358764648,1,-0.325147598981857,0,0.764242827892303,1,6
"50",100,9,6,8,8,7,3,3,7,7,61,0,-0.132441878318787,0,0.284882336854935,1,22
"51",101,3,4,1,2,6,3,3,5,5,58,0,0.445675253868103,1,0.604456007480621,1,7
"52",102,10,3,1,2,6,3,0,6,1,78.25,1,-0.132441878318787,0,-0.194478139281273,0,6
"53",103,23,4,2,2,7,3,3,1,1,77.25,0,-0.132441878318787,0,-0.0346913151443005,0,8
"54",104,14,6,2,5,7,1,2,6,5,59,1,-0.517853319644928,0,0.125095501542091,1,13
"55",105,16,5,2,8,6,1,1,6,6,68.5999984741211,1,0.0602638274431229,1,-0.833625435829163,0,15
"56",106,15,5,0,2,5,2,2,6,2,78,0,0.252969533205032,1,0.444669157266617,1,7
"57",107,6,4,2,1,4,2,1,5,5,71.75,1,0.831086695194244,1,-0.354264974594116,0,7
"58",109,4,4,5,2,4,1,2,1,1,56,0,0.445675253868103,1,0.444669157266617,1,11
"59",111,3,4,2,0,6,0,2,7,6,73,0,0.638380944728851,1,-0.0346913151443005,0,6
"60",114,20,4,0,1,5,0,1,2,2,69,1,0.252969533205032,1,0.125095501542091,1,5
"61",117,3,4,0,0,5,2,1,2,2,68.6666641235352,1,-0.132441878318787,0,0.924029648303986,1,4
"62",121,4,3,0,0,5,1,2,2,6,78.75,0,0.638380944728851,1,-0.514051795005798,0,3
"63",122,3,5,0,0,6,3,3,7,7,60,1,0.638380944728851,1,-0.833625435829163,0,5
"64",123,10,4,0,0,5,1,1,6,5,83.6666641235352,0,0.445675253868103,1,-0.67383861541748,0,4
"65",127,7,2,1,2,7,2,3,8,2,79,1,0.445675253868103,1,-0.514051795005798,0,5
"66",128,4,3,0,0,4,1,1,6,6,50,1,0.252969533205032,1,0.284882336854935,1,3
"67",131,6,5,5,8,7,1,1,6,2,66,1,0.638380944728851,1,-0.833625435829163,0,18
"68",138,10,5,2,2,7,1,3,6,6,58,1,0.0602638274431229,1,0.444669157266617,1,9
"69",140,1,2,1,1,7,2,1,0,0,60.3333320617676,0,0.252969533205032,1,-0.194478139281273,0,4
"70",142,3,4,5,2,4,2,2,1,2,65.3333358764648,0,0.831086695194244,1,0.604456007480621,1,11
"71",143,8,4,0,0,6,2,2,7,7,72,1,0.831086695194244,1,0.604456007480621,1,4
"72",145,35,5,2,8,7,2,2,7,5,76.5,0,-0.325147598981857,0,0.284882336854935,1,15
"73",154,9,4,2,1,4,2,2,6,6,45,1,-0.517853319644928,0,0.125095501542091,1,7
"74",155,4,5,0,0,6,1,3,2,2,80,1,0.0602638274431229,1,0.924029648303986,1,5
"75",158,8,6,0,0,4,3,2,6,6,55.3333320617676,1,-0.325147598981857,0,0.764242827892303,1,6
"76",159,3,3,0,2,3,2,1,8,0,58.5,0,-0.517853319644928,0,0.284882336854935,1,5
"77",160,4,1,0,0,6,3,2,7,6,84.75,1,-0.710559010505676,0,-0.514051795005798,0,1
"78",163,16,5,5,5,6,1,2,2,2,61.5,0,-0.710559010505676,0,-0.194478139281273,0,15
"79",165,4,4,5,5,6,2,3,8,5,59,1,-0.517853319644928,0,0.444669157266617,1,14
"80",166,4,5,0,1,5,2,1,5,5,29,0,-0.903264701366425,0,-0.0346913151443005,0,6
"81",167,8,4,2,1,7,2,1,7,7,66,0,0.638380944728851,1,0.284882336854935,1,7
"82",169,2,3,2,2,2,1,2,7,2,77.6666641235352,0,0.252969533205032,1,-0.833625435829163,0,7
"83",170,2,2,0,0,3,3,2,2,3,80.5,1,-0.517853319644928,0,0.604456007480621,1,2
"84",171,4,5,5,2,7,0,1,6,1,63,1,-0.132441878318787,0,-0.354264974594116,0,12
"85",172,9,1,2,5,5,2,3,6,5,79.3333358764648,0,-0.132441878318787,0,0.764242827892303,1,8
"86",174,2,4,2,2,6,1,2,7,6,61,1,0.638380944728851,1,-0.833625435829163,0,8
"87",176,22,5,8,8,2,1,2,1,1,75.3333358764648,0,-0.903264701366425,0,-0.514051795005798,0,21
"88",177,2,3,0,1,6,1,1,6,2,51.6666679382324,1,-0.903264701366425,0,-0.514051795005798,0,4
"89",179,2,4,1,1,5,0,1,0,2,61.3333320617676,0,0.831086695194244,1,-0.0346913151443005,0,6
"90",181,4,2,1,0,7,3,3,0,3,74,1,-0.325147598981857,0,0.284882336854935,1,3
"91",182,15,5,0,2,7,2,2,6,6,80.5,1,0.445675253868103,1,-0.67383861541748,0,7
"92",184,6,2,2,0,7,2,2,6,6,53,0,0.445675253868103,1,-0.993412256240845,0,4
"93",185,18,4,2,2,4,3,1,2,5,57,1,-0.903264701366425,0,0.444669157266617,1,8
"94",187,6,4,0,1,5,2,3,6,6,79,0,0.0602638274431229,1,-0.67383861541748,0,5
"95",190,6,2,0,1,5,2,1,0,5,68.75,0,0.445675253868103,1,0.125095501542091,1,3
"96",191,6,5,2,2,7,1,3,6,5,60,0,-0.132441878318787,0,-0.0346913151443005,0,9
"97",192,12,4,0,1,7,2,3,5,5,68,0,0.638380944728851,1,-0.354264974594116,0,5
"98",193,5,3,1,0,4,2,2,6,6,61.5,0,-0.517853319644928,0,0.444669157266617,1,4
"99",195,6,4,1,2,6,0,2,1,1,71,1,0.0602638274431229,1,0.125095501542091,1,7
"100",196,21,3,1,1,4,2,2,7,6,83,1,0.638380944728851,1,-0.514051795005798,0,5
"101",199,4,4,2,2,7,1,2,7,6,78.3333358764648,1,-0.517853319644928,0,0.444669157266617,1,8
"102",200,4,3,8,5,4,2,1,2,2,83,0,-0.325147598981857,0,0.444669157266617,1,16
"103",203,7,5,1,0,5,2,3,6,6,60.5,0,-0.132441878318787,0,0.284882336854935,1,6
"104",205,8,4,0,0,5,2,3,2,2,70,0,-0.325147598981857,0,-0.354264974594116,0,4
"105",206,3,4,1,2,3,2,2,2,4,72.3333358764648,0,-0.710559010505676,0,0.764242827892303,1,7
"106",207,3,3,1,1,6,1,1,6,6,81,0,-0.517853319644928,0,0.764242827892303,1,5
"107",212,10,4,2,0,2,1,2,6,7,70,1,0.0602638274431229,1,-0.514051795005798,0,6
"108",213,10,4,5,2,7,1,0,5,5,77,0,-0.325147598981857,0,0.284882336854935,1,11
"109",214,10,4,1,0,6,0,3,2,2,71,0,-0.325147598981857,0,-0.833625435829163,0,5
"110",215,50,5,2,0,7,1,3,6,7,93,0,0.445675253868103,1,-0.833625435829163,0,7
"111",216,7,3,1,2,5,1,2,8,8,38,0,-0.903264701366425,0,0.444669157266617,1,6
"112",217,7,5,5,5,6,2,1,1,2,63,1,-0.903264701366425,0,-0.194478139281273,0,15
"113",219,20,2,2,2,6,1,1,7,6,70,0,0.252969533205032,1,-0.354264974594116,0,6
"114",220,4,5,0,1,5,1,2,8,8,80,1,0.252969533205032,1,-0.0346913151443005,0,6
"115",222,6,4,0,0,4,2,3,3,2,59.3333320617676,0,-0.132441878318787,0,0.444669157266617,1,4
"116",225,2,2,1,2,7,0,3,2,1,58,1,0.0602638274431229,1,0.764242827892303,1,5
"117",226,2,4,0,0,6,1,1,5,1,67.5,0,-0.710559010505676,0,0.284882336854935,1,4
"118",227,5,4,0,0,3,2,1,7,6,83.5,1,-0.325147598981857,0,-0.194478139281273,0,4
"119",228,3,5,8,8,6,2,3,6,1,73,0,0.0602638274431229,1,-0.0346913151443005,0,21
"120",230,57,6,0,2,7,1,1,2,2,63.5,1,-0.517853319644928,0,0.284882336854935,1,8
"121",231,22,4,0,0,7,1,2,2,5,76.5,0,-0.132441878318787,0,0.924029648303986,1,4
"122",234,20,2,0,0,6,2,2,1,5,83,1,-0.325147598981857,0,0.604456007480621,1,2
"123",237,11,3,2,1,7,3,3,5,0,65.6666641235352,1,0.445675253868103,1,-0.514051795005798,0,6
"124",239,30,4,0,1,7,2,2,6,6,78,0,0.638380944728851,1,-0.993412256240845,0,5
"125",240,8,4,1,5,6,3,1,5,5,63,1,-0.710559010505676,0,0.444669157266617,1,10
"126",241,41,4,1,5,6,2,3,5,5,72.3333358764648,1,0.445675253868103,1,-0.194478139281273,0,10
"127",244,15,5,0,1,6,1,3,5,6,84,1,0.252969533205032,1,0.284882336854935,1,6
"128",246,12,4,1,8,7,2,2,6,6,83,1,-0.517853319644928,0,-0.514051795005798,0,13
"129",250,14,4,2,5,6,2,3,2,2,65,1,0.0602638274431229,1,0.604456007480621,1,11
"130",252,38,4,1,2,7,2,3,8,8,73,1,0.638380944728851,1,0.284882336854935,1,7
"131",255,16,4,0,2,6,1,1,5,5,71,0,0.831086695194244,1,-0.0346913151443005,0,6
"132",260,2,4,1,2,3,1,2,7,7,56.5,1,0.0602638274431229,1,0.604456007480621,1,7
"133",262,4,4,2,2,4,1,2,0,1,56.75,1,0.445675253868103,1,0.764242827892303,1,8
"134",264,1,4,2,0,6,2,1,6,2,58.5,0,0.445675253868103,1,0.604456007480621,1,6
"135",265,20,5,0,1,7,1,3,7,6,87.3333358764648,1,-0.132441878318787,0,0.764242827892303,1,6
"136",266,15,5,1,1,5,3,3,2,3,68.5,1,-0.132441878318787,0,-0.0346913151443005,0,7
"137",268,6,3,0,0,7,2,2,6,0,90,1,0.638380944728851,1,-0.833625435829163,0,3
"138",272,4,3,0,0,6,1,2,1,7,50,0,-0.903264701366425,0,0.604456007480621,1,3
"139",273,8,4,0,0,5,1,2,8,6,65.5,1,-0.517853319644928,0,0.604456007480621,1,4
"140",277,6,4,1,2,7,2,2,6,6,65.5999984741211,0,-0.903264701366425,0,-0.0346913151443005,0,7
"141",280,16,3,0,5,6,1,2,1,1,83,1,0.445675253868103,1,-0.67383861541748,0,8
"142",281,1,2,1,0,6,2,2,5,6,63.5,1,-0.903264701366425,0,-0.514051795005798,0,3
"143",283,15,4,2,1,6,1,2,7,6,86.5,1,0.445675253868103,1,0.125095501542091,1,7
"144",284,35,4,2,2,7,3,3,8,6,76.5,1,0.0602638274431229,1,-0.194478139281273,0,8
"145",286,5,4,1,0,6,2,2,6,6,70.5,1,0.252969533205032,1,-0.514051795005798,0,5
"146",287,10,4,1,1,6,2,3,2,2,76,0,0.638380944728851,1,-0.993412256240845,0,6
"147",289,10,4,0,1,6,2,3,5,2,33,0,0.445675253868103,1,-0.0346913151443005,0,5
"148",290,4,1,1,0,1,0,0,1,2,60,1,-0.903264701366425,0,0.444669157266617,1,2
"149",297,10,3,0,0,6,1,1,2,2,62,1,0.831086695194244,1,-0.194478139281273,0,3
"150",299,40,2,0,0,3,2,2,5,5,78.5,1,-0.325147598981857,0,0.604456007480621,1,2
"151",300,30,6,2,0,7,1,2,2,2,81,1,-0.710559010505676,0,0.764242827892303,1,8
"152",301,8,3,0,5,6,1,1,6,5,74.4000015258789,1,0.252969533205032,1,-0.67383861541748,0,8
"153",303,4,3,2,2,3,2,1,2,2,61.6666679382324,0,-0.325147598981857,0,0.604456007480621,1,7
"154",304,10,3,0,1,5,2,2,7,7,70,1,0.445675253868103,1,-0.194478139281273,0,4
"155",307,2,4,0,2,6,1,1,7,6,62.3333320617676,1,0.0602638274431229,1,-0.194478139281273,0,6
"156",308,40,5,1,0,6,3,3,8,8,78.5,1,0.445675253868103,1,-0.0346913151443005,0,6
"157",311,20,4,0,5,6,2,2,6,5,80,1,-0.325147598981857,0,0.764242827892303,1,9
"158",314,30,3,1,2,6,2,2,5,5,66,1,0.252969533205032,1,-0.354264974594116,0,6
"159",318,16,5,2,2,7,3,3,7,6,77.5,1,0.831086695194244,1,0.604456007480621,1,9
"160",325,2,5,0,0,6,2,1,7,5,66.5,1,0.638380944728851,1,0.284882336854935,1,5
"161",327,8,5,1,1,7,3,2,5,5,50.5,1,-0.517853319644928,0,0.444669157266617,1,7
"162",329,7,4,2,0,4,1,2,4,2,87.3333358764648,0,-0.132441878318787,0,-0.354264974594116,0,6
"163",332,15,4,1,0,5,1,2,6,5,68,1,-0.903264701366425,0,-0.194478139281273,0,5
"164",337,4,4,0,0,5,0,0,8,6,81.5,1,0.638380944728851,1,-0.67383861541748,0,4
"165",338,6,5,0,0,5,3,3,6,7,50,0,0.445675253868103,1,0.284882336854935,1,5
"166",344,15,6,1,2,6,1,3,7,7,57.5,1,-0.903264701366425,0,0.125095501542091,1,9
"167",346,6,5,0,1,7,2,2,7,6,63,0,-0.132441878318787,0,0.125095501542091,1,6
"168",347,18,4,0,2,7,2,2,2,6,66,1,-0.132441878318787,0,-0.993412256240845,0,6
"169",351,4,6,5,8,7,2,1,8,6,93.4000015258789,1,0.0602638274431229,1,0.764242827892303,1,19
"170",352,1,2,1,0,4,3,3,8,8,40,1,0.252969533205032,1,0.284882336854935,1,3
"171",355,20,4,5,5,7,1,2,6,6,87,1,0.0602638274431229,1,0.444669157266617,1,14
"172",356,10,2,1,1,7,2,1,6,6,85,1,0.445675253868103,1,0.924029648303986,1,4
"173",357,10,3,0,2,6,1,2,6,6,65.5,1,0.831086695194244,1,-0.67383861541748,0,5
"174",359,5,4,0,0,4,1,1,8,6,88.3333358764648,1,-0.132441878318787,0,-0.67383861541748,0,4
"175",362,5,4,1,2,5,2,2,7,7,63.5,1,0.445675253868103,1,-0.67383861541748,0,7
"176",363,1,2,0,0,7,2,2,6,7,60,1,-0.710559010505676,0,0.125095501542091,1,2
"177",364,15,4,1,2,6,2,2,6,7,67,1,0.0602638274431229,1,-0.0346913151443005,0,7
"178",367,3,1,0,0,7,1,1,6,6,79.5,1,0.0602638274431229,1,0.125095501542091,1,1
"179",368,7,4,2,1,7,1,2,7,0,88,1,-0.903264701366425,0,-0.194478139281273,0,7
"180",369,3,3,2,5,3,2,3,3,5,72,1,-0.517853319644928,0,0.125095501542091,1,10
"181",370,13,5,0,1,5,3,2,1,2,64,1,-0.710559010505676,0,-0.0346913151443005,0,6
"182",375,4,3,1,1,3,2,1,2,2,81.6666641235352,0,0.638380944728851,1,0.764242827892303,1,5
"183",377,2,3,0,0,6,2,3,6,6,58.5,0,0.0602638274431229,1,0.604456007480621,1,3
"184",381,6,3,0,1,7,1,2,0,0,75,1,0.445675253868103,1,-0.67383861541748,0,4
"185",384,8,3,2,1,5,2,1,7,6,72,1,0.831086695194244,1,0.444669157266617,1,6
"186",385,15,3,0,1,7,0,2,2,5,77.5,1,0.638380944728851,1,0.604456007480621,1,4
"187",386,20,3,0,5,7,1,2,7,6,76,1,0.831086695194244,1,-0.514051795005798,0,8
"188",396,25,5,2,2,6,3,3,6,6,68,1,-0.710559010505676,0,-0.0346913151443005,0,9
"189",398,2,5,2,1,6,3,3,3,3,42,0,0.252969533205032,1,0.764242827892303,1,8
"190",399,12,2,0,2,5,1,1,6,6,66,1,-0.325147598981857,0,0.444669157266617,1,4
"191",403,12,3,2,2,2,1,1,6,6,71,0,-0.903264701366425,0,0.444669157266617,1,7
"192",404,2,3,2,1,6,1,1,6,6,18,1,0.638380944728851,1,0.444669157266617,1,6
"193",408,24,4,1,2,7,2,2,6,5,69.5,1,0.445675253868103,1,-0.0346913151443005,0,7
"194",410,35,4,2,8,6,2,1,1,2,79,0,0.445675253868103,1,-0.0346913151443005,0,14
"195",414,3,4,0,0,7,2,3,2,6,70.5,0,0.831086695194244,1,0.764242827892303,1,4
"196",415,3,4,1,1,5,1,2,6,6,71,1,-0.517853319644928,0,0.125095501542091,1,6
"197",416,14,4,0,2,7,1,2,6,6,77,1,-0.710559010505676,0,0.284882336854935,1,6
"198",419,3,3,0,2,7,1,2,5,5,85,1,0.0602638274431229,1,-0.993412256240845,0,5
"199",420,1,1,1,0,5,2,2,5,5,52.5,0,0.638380944728851,1,-0.514051795005798,0,2
"200",421,1,3,2,2,3,2,1,6,2,53.2000007629395,1,0.445675253868103,1,-0.0346913151443005,0,7
"201",422,3,4,2,2,3,2,2,5,5,54,0,0.445675253868103,1,0.604456007480621,1,8
"202",423,24,5,2,2,7,3,3,2,2,86.5,0,0.445675253868103,1,-0.0346913151443005,0,9
"203",424,23,2,0,0,7,2,1,2,0,80,0,-0.325147598981857,0,-0.67383861541748,0,2
"204",425,21,6,2,5,7,2,3,0,0,86,1,0.0602638274431229,1,-0.993412256240845,0,13
"205",426,13,5,2,8,7,2,3,6,6,72.5,1,-0.132441878318787,0,0.125095501542091,1,15
"206",431,12,3,1,1,6,1,1,8,7,80.5,1,-0.325147598981857,0,0.284882336854935,1,5
"207",432,9,4,1,2,5,2,2,6,6,67.5999984741211,0,0.445675253868103,1,0.924029648303986,1,7
"208",434,4,6,1,2,7,2,3,6,6,70,1,-0.132441878318787,0,-0.0346913151443005,0,9
"209",437,14,4,5,2,6,1,2,2,1,70.75,1,0.252969533205032,1,-0.354264974594116,0,11
"210",439,8,5,2,2,4,3,3,0,4,58.2000007629395,0,0.0602638274431229,1,0.284882336854935,1,9
"211",442,11,5,2,5,6,3,2,8,7,45.75,0,0.831086695194244,1,0.444669157266617,1,12
"212",446,7,1,1,0,3,0,0,5,6,84,1,-0.710559010505676,0,-0.833625435829163,0,2
"213",448,22,3,1,0,3,1,2,7,6,64,1,0.0602638274431229,1,0.125095501542091,1,4
"214",449,9,4,1,8,6,1,2,4,4,54,1,0.638380944728851,1,-0.67383861541748,0,13
"215",450,4,2,0,0,6,2,1,6,6,80.6666641235352,1,-0.132441878318787,0,0.444669157266617,1,2
"216",453,15,2,2,0,6,1,2,6,6,74.75,1,0.638380944728851,1,0.444669157266617,1,4
"217",455,8,4,0,8,7,2,3,8,2,73,1,-0.517853319644928,0,0.284882336854935,1,12
"218",457,5,2,1,2,3,1,2,6,5,51.5,1,-0.903264701366425,0,0.764242827892303,1,5
"219",459,2,5,2,2,3,2,2,7,6,62,0,-0.710559010505676,0,-0.354264974594116,0,9
"220",460,10,4,1,0,7,1,1,7,6,80,1,-0.132441878318787,0,0.444669157266617,1,5
"221",461,5,3,0,0,4,1,1,7,7,77.5,0,0.252969533205032,1,-0.0346913151443005,0,3
"222",464,22,3,0,2,5,1,1,7,7,60.5,0,0.0602638274431229,1,0.604456007480621,1,5
"223",465,8,2,0,0,5,3,3,7,7,57,1,0.445675253868103,1,-0.194478139281273,0,2
"224",466,15,4,0,2,7,2,2,6,4,79.3333358764648,0,0.638380944728851,1,-0.354264974594116,0,6
"225",467,5,6,0,0,6,1,0,6,6,75.3333358764648,1,0.252969533205032,1,0.604456007480621,1,6
"226",469,3,5,0,2,7,1,2,5,5,79,1,-0.132441878318787,0,-0.514051795005798,0,7
"227",471,15,5,1,0,6,1,2,2,2,39,1,-0.517853319644928,0,0.284882336854935,1,6
"228",472,12,4,5,2,6,2,2,7,8,63,0,0.831086695194244,1,-0.194478139281273,0,11
"229",474,57,6,0,8,7,1,2,6,6,69,0,0.831086695194244,1,-0.194478139281273,0,14
"230",480,6,4,0,1,5,3,3,2,2,64.3333358764648,1,0.252969533205032,1,-0.67383861541748,0,5
"231",481,4,4,2,0,3,3,3,6,6,55.6666679382324,0,-0.132441878318787,0,0.764242827892303,1,6
"232",482,14,4,0,2,5,3,3,6,6,40.6666679382324,0,-0.517853319644928,0,0.125095501542091,1,6
"233",484,3,3,2,2,5,2,2,8,5,77.5,1,0.252969533205032,1,-0.194478139281273,0,7
"234",485,8,3,5,2,4,1,2,1,2,69,0,0.638380944728851,1,0.764242827892303,1,10
"235",486,3,5,2,0,7,2,2,2,5,53,1,0.445675253868103,1,-0.0346913151443005,0,7
"236",487,6,4,1,0,6,2,2,2,2,55.4000015258789,1,0.0602638274431229,1,-0.194478139281273,0,5
"237",488,22,3,0,0,6,2,3,0,0,81,1,-0.903264701366425,0,-0.67383861541748,0,3
"238",489,5,5,0,1,5,3,2,7,7,73,1,0.445675253868103,1,-0.354264974594116,0,6
"239",491,22,3,2,1,7,3,2,6,6,85.5,1,0.0602638274431229,1,0.125095501542091,1,6
"240",493,6,2,2,0,6,2,2,0,0,87,1,-0.325147598981857,0,-0.67383861541748,0,4
"241",494,40,4,1,8,6,0,0,3,3,63.7999992370605,1,-0.325147598981857,0,-0.833625435829163,0,13
"242",500,6,4,5,1,7,2,3,8,8,58.5,1,-0.903264701366425,0,0.924029648303986,1,10
"243",501,12,4,5,2,7,3,3,6,6,64.5,1,0.831086695194244,1,-0.194478139281273,0,11
"244",502,4,5,1,1,4,1,2,2,2,75,0,-0.325147598981857,0,0.764242827892303,1,7
"245",506,10,6,0,0,7,3,3,6,6,79,1,0.831086695194244,1,-0.993412256240845,0,6
"246",507,7,5,5,5,6,2,2,6,6,80,0,0.831086695194244,1,0.604456007480621,1,15
"247",508,5,5,0,0,5,2,2,6,6,32,0,-0.903264701366425,0,0.284882336854935,1,5
"248",509,15,5,2,2,7,0,2,3,6,71.5,1,0.445675253868103,1,0.604456007480621,1,9
"249",510,1,2,0,0,7,2,3,8,8,81,1,0.638380944728851,1,-0.514051795005798,0,2
"250",512,25,6,2,1,7,1,1,3,6,74,1,-0.517853319644928,0,0.444669157266617,1,9
"251",514,35,5,5,5,7,2,3,7,6,71,1,0.638380944728851,1,-0.67383861541748,0,15
"252",516,8,2,0,0,7,1,2,6,7,77.5,1,0.831086695194244,1,-0.67383861541748,0,2
"253",517,3,3,0,0,3,3,3,2,1,68,0,0.0602638274431229,1,0.444669157266617,1,3
"254",518,2,5,1,0,7,2,2,2,2,66,0,0.0602638274431229,1,-0.514051795005798,0,6
"255",520,4,5,1,8,7,2,3,4,6,75,1,-0.132441878318787,0,0.924029648303986,1,14
"256",521,10,2,1,1,4,1,2,6,5,82,1,0.0602638274431229,1,-0.67383861541748,0,4
"257",522,21,6,5,5,7,2,3,7,8,79,1,0.831086695194244,1,-0.354264974594116,0,16
"258",523,4,3,0,0,7,2,2,6,6,85,1,-0.517853319644928,0,0.125095501542091,1,3
"259",525,24,4,2,2,6,1,1,5,2,83.3333358764648,0,0.831086695194244,1,-0.993412256240845,0,8
"260",529,40,4,2,2,4,0,0,7,8,74.3333358764648,0,0.0602638274431229,1,-0.514051795005798,0,8
"261",530,15,5,2,8,7,3,3,7,6,65.5,1,-0.132441878318787,0,0.125095501542091,1,15
"262",531,4,5,1,0,5,1,1,6,6,64,1,-0.903264701366425,0,0.125095501542091,1,6
"263",534,6,5,0,8,5,1,1,5,5,69.5999984741211,1,-0.710559010505676,0,0.604456007480621,1,13
"264",535,14,4,0,0,5,2,1,8,4,74,1,-0.517853319644928,0,0.764242827892303,1,4
"265",537,6,5,1,2,6,1,2,6,2,66,1,-0.132441878318787,0,0.284882336854935,1,8
"266",539,25,6,2,8,7,1,2,7,6,57,1,0.252969533205032,1,0.444669157266617,1,16
"267",543,4,6,0,8,3,1,2,6,6,57.3333320617676,0,-0.710559010505676,0,-0.993412256240845,0,14
"268",547,2,4,1,2,6,2,2,6,6,53.6666679382324,0,-0.325147598981857,0,0.125095501542091,1,7
"269",548,9,5,5,5,5,1,1,4,2,67,0,-0.903264701366425,0,0.604456007480621,1,15
"270",551,12,3,0,5,6,1,1,1,1,76,0,-0.325147598981857,0,-0.833625435829163,0,8
"271",553,15,5,1,2,7,1,2,3,2,55.5,1,0.0602638274431229,1,-0.194478139281273,0,8
"272",555,16,2,2,0,6,2,3,7,6,82,0,-0.517853319644928,0,-0.514051795005798,0,4
"273",563,16,3,2,0,5,1,1,6,6,82,0,0.252969533205032,1,-0.993412256240845,0,5
"274",565,3,3,2,2,7,1,2,6,5,54,0,0.0602638274431229,1,-0.993412256240845,0,7
"275",566,14,5,0,0,7,2,3,6,6,77,1,-0.325147598981857,0,-0.354264974594116,0,5
"276",568,4,4,1,1,4,2,2,6,8,57.25,1,-0.132441878318787,0,-0.0346913151443005,0,6
"277",569,10,3,0,0,5,2,2,4,6,80,1,-0.517853319644928,0,-0.194478139281273,0,3
"278",573,5,5,1,8,7,2,3,8,6,77.3333358764648,0,0.445675253868103,1,-0.194478139281273,0,14
"279",574,33,3,5,2,7,1,2,7,6,91.6666641235352,1,0.638380944728851,1,0.284882336854935,1,10
"280",575,4,4,0,1,7,2,2,4,2,47.3333320617676,1,-0.517853319644928,0,0.125095501542091,1,5
"281",576,9,4,2,2,6,2,2,6,6,73,1,-0.517853319644928,0,-0.194478139281273,0,8
"282",577,15,4,0,0,7,1,2,8,8,80,1,-0.517853319644928,0,-0.993412256240845,0,4
"283",582,35,5,1,5,6,3,3,7,8,85,1,0.445675253868103,1,0.284882336854935,1,11
"284",583,7,3,0,0,7,2,2,6,0,72,1,0.252969533205032,1,0.604456007480621,1,3
"285",584,15,3,1,0,5,1,2,2,1,63,1,-0.132441878318787,0,0.604456007480621,1,4
"286",585,6,4,2,1,7,1,1,4,4,76.5,0,-0.517853319644928,0,-0.354264974594116,0,7
"287",586,10,2,0,0,5,0,1,6,2,71,1,-0.903264701366425,0,0.604456007480621,1,2
"288",588,4,3,0,2,7,2,2,6,6,59.5,1,0.0602638274431229,1,-0.514051795005798,0,5
"289",590,12,3,0,2,4,0,2,4,5,76.3333358764648,0,0.0602638274431229,1,-0.514051795005798,0,5
"290",594,6,4,1,1,6,1,1,2,2,83,1,-0.517853319644928,0,-0.514051795005798,0,6
"291",596,32,5,2,1,5,2,3,7,5,56,1,0.445675253868103,1,-0.354264974594116,0,8
"292",598,3,4,0,2,7,3,3,7,6,70.3333358764648,0,0.252969533205032,1,-0.514051795005798,0,6
"293",602,4,3,5,0,6,3,3,6,2,72.25,1,0.445675253868103,1,0.924029648303986,1,8
"294",603,4,2,0,0,5,2,2,8,7,53,0,-0.517853319644928,0,-0.354264974594116,0,2
"295",605,11,5,5,5,6,2,2,2,2,65,1,0.445675253868103,1,0.764242827892303,1,15
"296",609,24,4,1,1,6,2,2,2,1,79.6666641235352,1,0.445675253868103,1,-0.194478139281273,0,6
"297",614,10,4,0,2,4,1,2,5,5,57,0,-0.132441878318787,0,0.764242827892303,1,6
"298",616,15,2,0,5,5,2,2,6,2,76,1,-0.517853319644928,0,-0.993412256240845,0,7
"299",617,5,6,2,2,6,1,2,6,6,57,0,0.445675253868103,1,0.284882336854935,1,10
"300",628,30,6,1,1,7,3,2,7,6,61,1,-0.325147598981857,0,0.125095501542091,1,8
"301",629,6,5,2,1,6,1,1,6,5,74.5,1,0.638380944728851,1,0.125095501542091,1,8
"302",631,14,2,0,0,6,1,1,8,6,80,1,0.445675253868103,1,0.125095501542091,1,2
"303",635,9,6,2,2,6,2,3,7,7,61,1,-0.132441878318787,0,-0.194478139281273,0,10
"304",638,23,4,0,0,3,2,2,6,5,71,1,-0.132441878318787,0,-0.514051795005798,0,4
"305",639,18,6,1,2,7,1,3,7,7,63,1,0.445675253868103,1,-0.833625435829163,0,9
"306",640,6,4,2,2,7,3,3,6,7,63.5,1,0.831086695194244,1,0.125095501542091,1,8
"307",641,2,3,1,1,6,2,3,5,5,77,1,-0.710559010505676,0,-0.354264974594116,0,5
"308",643,1,1,0,0,5,1,2,4,5,76.6666641235352,1,-0.903264701366425,0,-0.833625435829163,0,1
"309",645,10,4,1,8,7,2,1,2,1,55.5,0,0.831086695194244,1,-0.67383861541748,0,13
"310",649,3,4,0,0,4,2,2,3,3,77,0,-0.903264701366425,0,0.604456007480621,1,4
"311",650,20,4,0,0,7,2,2,0,5,78.4000015258789,1,0.831086695194244,1,-0.354264974594116,0,4
"312",651,12,3,2,1,6,2,2,7,7,76,1,0.252969533205032,1,0.604456007480621,1,6
"313",652,5,4,2,5,6,2,3,7,6,77,1,0.252969533205032,1,0.125095501542091,1,11
"314",655,1,5,1,2,7,1,1,5,6,65.75,0,0.445675253868103,1,0.125095501542091,1,8
"315",656,14,5,1,0,7,3,3,8,6,66,1,-0.325147598981857,0,-0.0346913151443005,0,6
"316",657,4,4,0,0,6,3,3,8,7,65,1,-0.325147598981857,0,-0.194478139281273,0,4
"317",658,10,6,2,1,7,2,2,6,2,82,1,-0.710559010505676,0,-0.0346913151443005,0,9
"318",660,3,3,0,0,3,2,2,6,6,73,0,-0.903264701366425,0,0.764242827892303,1,3
"319",661,8,4,0,1,5,2,2,2,4,57,0,-0.132441878318787,0,0.125095501542091,1,5
"320",662,1,5,0,1,5,2,2,7,5,80.6666641235352,1,0.252969533205032,1,-0.993412256240845,0,6
"321",664,15,3,1,2,5,1,1,2,1,69,0,-0.132441878318787,0,-0.194478139281273,0,6
"322",665,3,2,0,5,2,3,2,7,6,67,1,0.831086695194244,1,0.604456007480621,1,7
"323",671,3,4,1,1,7,2,2,6,6,50.5,1,0.445675253868103,1,-0.194478139281273,0,6
"324",674,2,3,1,0,7,1,2,0,6,76.5,0,0.445675253868103,1,0.604456007480621,1,4
"325",676,25,2,2,2,7,2,1,6,6,74.5,1,0.831086695194244,1,0.284882336854935,1,6
"326",680,2,3,1,1,7,0,1,6,7,80,1,0.638380944728851,1,0.604456007480621,1,5
"327",686,7,3,5,0,6,2,2,7,6,86.6666641235352,1,-0.325147598981857,0,0.764242827892303,1,8
"328",687,9,2,0,0,7,1,2,6,5,72.2857131958008,1,-0.132441878318787,0,0.444669157266617,1,2
"329",688,3,4,0,0,6,2,1,1,1,70,1,-0.132441878318787,0,0.764242827892303,1,4
"330",689,17,5,1,0,7,2,3,6,6,66.5999984741211,1,-0.517853319644928,0,0.444669157266617,1,6
"331",696,8,5,2,2,6,2,2,6,6,62.5,1,-0.710559010505676,0,0.125095501542091,1,9
"332",697,28,3,1,5,6,2,2,6,2,65.5,1,0.638380944728851,1,-0.514051795005798,0,9
"333",702,7,5,5,8,7,2,3,8,6,78.5,1,-0.132441878318787,0,0.284882336854935,1,18
"334",705,1,5,2,2,7,3,3,5,5,75,1,0.445675253868103,1,-0.0346913151443005,0,9
"335",706,10,4,1,2,6,2,2,0,1,53.75,1,-0.325147598981857,0,0.125095501542091,1,7
"336",707,12,5,0,1,7,0,1,3,4,67,1,0.252969533205032,1,0.284882336854935,1,6
"337",708,3,4,0,1,5,1,2,7,5,77.75,0,0.445675253868103,1,0.444669157266617,1,5
"338",710,16,2,0,0,7,2,3,7,6,59.3333320617676,0,0.252969533205032,1,0.924029648303986,1,2
"339",712,15,3,5,8,7,3,3,6,6,71,1,0.445675253868103,1,-0.0346913151443005,0,16
"340",714,18,3,0,0,7,1,1,6,3,65.4000015258789,1,0.252969533205032,1,-0.194478139281273,0,3
"341",719,6,3,2,1,7,2,2,7,6,70.5,1,0.638380944728851,1,0.125095501542091,1,6
"342",727,5,4,5,1,5,3,3,7,5,74,1,0.445675253868103,1,-0.194478139281273,0,10
"343",730,3,5,1,0,6,2,3,7,8,76.5,1,0.445675253868103,1,0.444669157266617,1,6
"344",733,6,2,2,2,6,1,1,6,6,73.3333358764648,0,-0.132441878318787,0,0.284882336854935,1,6
"345",736,20,4,0,2,7,1,2,5,5,73.5,1,0.0602638274431229,1,-0.993412256240845,0,6
"346",740,10,3,2,0,7,2,2,6,2,70.1999969482422,0,0.831086695194244,1,-0.194478139281273,0,5
"347",744,5,4,0,1,7,1,2,5,1,68.75,0,-0.132441878318787,0,-0.833625435829163,0,5
"348",746,8,2,0,0,6,2,3,1,0,76,1,0.0602638274431229,1,-0.993412256240845,0,2
"349",747,3,3,1,2,4,3,3,5,5,77.75,0,0.252969533205032,1,-0.67383861541748,0,6
"350",748,10,6,8,0,5,0,1,5,5,64,1,-0.517853319644928,0,0.284882336854935,1,14
"351",749,7,4,2,1,6,2,3,6,6,66.3333358764648,0,0.0602638274431229,1,-0.354264974594116,0,7
"352",750,5,2,0,0,4,2,1,6,5,80,1,-0.710559010505676,0,0.284882336854935,1,2
"353",757,20,2,1,0,7,1,2,6,2,53,1,0.638380944728851,1,-0.67383861541748,0,3
"354",760,10,4,1,2,5,0,0,4,4,67.75,1,-0.325147598981857,0,0.924029648303986,1,7
"355",761,2,3,0,1,7,1,1,5,5,83.5,1,0.831086695194244,1,0.604456007480621,1,4
"356",762,30,4,0,8,7,1,2,1,1,70,0,-0.517853319644928,0,0.604456007480621,1,12
"357",763,8,5,2,1,5,3,1,6,6,81.6666641235352,1,0.831086695194244,1,0.604456007480621,1,8
"358",764,40,5,1,2,6,1,1,6,8,76.3333358764648,1,-0.325147598981857,0,0.604456007480621,1,8
"359",765,22,2,2,5,6,2,1,6,6,37,1,-0.132441878318787,0,-0.514051795005798,0,9
"360",767,35,3,0,8,7,2,3,7,6,85,1,0.638380944728851,1,-0.993412256240845,0,11
"361",768,5,5,1,1,6,0,0,6,7,80,1,-0.903264701366425,0,0.924029648303986,1,7
"362",769,20,4,2,2,7,2,2,5,5,52,1,0.638380944728851,1,-0.514051795005798,0,8
"363",772,15,4,0,8,7,3,3,6,8,78,1,0.831086695194244,1,0.444669157266617,1,12
"364",773,3,4,1,1,3,2,2,7,6,72.4000015258789,1,-0.132441878318787,0,0.284882336854935,1,6
"365",775,14,5,0,0,7,2,2,7,7,74.5,1,-0.132441878318787,0,0.924029648303986,1,5
"366",776,36,4,0,0,7,1,2,7,6,81.3333358764648,0,0.0602638274431229,1,0.764242827892303,1,4
"367",777,2,3,2,8,5,1,1,6,6,76.3333358764648,0,0.0602638274431229,1,0.924029648303986,1,13
"368",778,9,4,0,0,7,1,0,7,7,69,1,-0.132441878318787,0,0.444669157266617,1,4
"369",785,3,3,0,0,5,0,0,6,6,76,0,0.638380944728851,1,-0.354264974594116,0,3
"370",786,6,5,1,1,7,1,2,8,8,58,1,-0.325147598981857,0,0.284882336854935,1,7
"371",789,40,4,0,5,7,2,3,6,7,70.3333358764648,1,0.252969533205032,1,-0.354264974594116,0,9
"372",792,20,5,0,1,7,2,3,1,1,69.5,0,0.445675253868103,1,-0.0346913151443005,0,6
"373",794,11,2,0,0,7,3,3,2,2,62.3333320617676,1,-0.517853319644928,0,0.125095501542091,1,2
"374",796,3,6,1,8,6,1,2,5,5,65,1,-0.325147598981857,0,-0.67383861541748,0,15
"375",797,21,4,2,0,6,3,3,6,2,76,0,0.831086695194244,1,-0.194478139281273,0,6
"376",798,4,3,2,2,3,1,1,4,7,74,1,0.0602638274431229,1,0.604456007480621,1,7
"377",799,4,5,8,5,5,3,3,6,6,74.6666641235352,0,0.831086695194244,1,0.125095501542091,1,18
"378",800,20,4,8,8,7,1,2,8,8,80.5,1,-0.325147598981857,0,0.284882336854935,1,20
"379",801,15,3,1,0,6,2,3,4,2,65,1,0.445675253868103,1,0.924029648303986,1,4
"380",808,2,2,0,1,7,3,3,6,6,62,1,0.252969533205032,1,0.444669157266617,1,3
"381",811,8,4,5,0,7,2,2,7,7,64.3333358764648,1,-0.710559010505676,0,-0.0346913151443005,0,9
"382",813,48,5,2,8,7,1,1,6,6,71,0,-0.325147598981857,0,0.125095501542091,1,15
"383",816,30,5,2,0,6,1,1,4,6,70.5,0,0.252969533205032,1,0.284882336854935,1,7
"384",817,10,3,0,0,7,1,2,5,5,69.5,0,0.831086695194244,1,-0.993412256240845,0,3
"385",819,7,4,2,8,3,1,2,6,6,78,1,-0.903264701366425,0,0.444669157266617,1,14
"386",823,10,4,0,1,6,1,2,1,2,67.5,1,-0.517853319644928,0,0.604456007480621,1,5
"387",825,4,4,2,0,7,0,3,8,8,69.75,0,0.831086695194244,1,0.125095501542091,1,6
"388",826,15,4,0,0,7,2,3,1,1,85.3333358764648,1,0.831086695194244,1,-0.833625435829163,0,4
"389",827,4,5,0,0,6,1,0,6,6,76,1,-0.325147598981857,0,0.284882336854935,1,5
"390",828,5,5,0,2,7,3,0,6,8,74.3333358764648,1,-0.132441878318787,0,0.764242827892303,1,7
"391",829,10,3,2,2,6,2,2,6,6,64,0,0.638380944728851,1,0.604456007480621,1,7
"392",836,11,3,0,0,7,2,1,2,1,59.5,0,0.638380944728851,1,-0.993412256240845,0,3
"393",839,9,4,5,5,7,2,2,7,5,72,1,0.638380944728851,1,-0.993412256240845,0,14
"394",840,7,3,0,0,6,1,2,5,6,71,0,0.252969533205032,1,-0.0346913151443005,0,3
"395",842,1,1,1,0,5,3,3,7,6,65.5999984741211,0,-0.710559010505676,0,-0.194478139281273,0,2
"396",843,2,3,0,0,7,2,3,2,2,70,0,-0.132441878318787,0,0.125095501542091,1,3
"397",844,9,4,0,1,5,1,1,6,6,80,1,-0.325147598981857,0,0.284882336854935,1,5
"398",847,3,3,0,8,2,3,2,3,6,64.25,1,-0.325147598981857,0,-0.354264974594116,0,11
"399",852,5,5,0,0,6,2,2,7,6,86.5,0,-0.710559010505676,0,0.604456007480621,1,5
"400",854,20,4,0,0,7,2,3,0,0,51.5,0,0.445675253868103,1,-0.0346913151443005,0,4
"401",856,3,4,1,0,6,0,2,6,5,72.5,1,-0.710559010505676,0,0.924029648303986,1,5
"402",858,6,3,0,2,5,1,1,7,7,78.5,1,0.831086695194244,1,-0.0346913151443005,0,5
"403",861,2,2,2,5,7,2,3,6,0,81,0,0.252969533205032,1,0.444669157266617,1,9
"404",863,4,4,2,2,5,1,2,5,5,77.5,0,-0.903264701366425,0,-0.833625435829163,0,8
"405",865,6,4,1,0,5,3,2,3,5,52.5,0,0.252969533205032,1,-0.354264974594116,0,5
"406",868,10,2,0,0,6,1,2,6,2,40,0,-0.903264701366425,0,-0.354264974594116,0,2
"407",870,4,5,2,0,6,0,1,5,5,66,0,0.252969533205032,1,-0.354264974594116,0,7
"408",873,2,3,0,0,3,2,1,0,0,56,0,0.0602638274431229,1,-0.833625435829163,0,3
"409",875,8,4,2,2,7,1,1,5,2,78,1,0.831086695194244,1,0.924029648303986,1,8
"410",876,10,2,5,8,7,2,2,2,5,65.75,0,0.831086695194244,1,0.125095501542091,1,15
"411",877,15,2,2,5,6,1,3,7,7,86,1,-0.325147598981857,0,0.444669157266617,1,9
"412",881,45,4,0,5,7,2,3,6,7,75.5,1,0.0602638274431229,1,-0.194478139281273,0,9
"413",883,6,5,1,0,7,2,2,6,6,65,1,0.445675253868103,1,-0.194478139281273,0,6
"414",884,10,5,8,8,6,0,1,6,1,80.3333358764648,1,0.831086695194244,1,-0.0346913151443005,0,21
"415",887,4,3,1,1,6,3,2,6,7,52,1,-0.903264701366425,0,-0.67383861541748,0,5
"416",888,3,4,2,0,5,2,1,7,6,45,1,0.831086695194244,1,-0.514051795005798,0,6
"417",889,5,6,2,0,7,3,2,6,6,70,1,-0.325147598981857,0,0.764242827892303,1,8
"418",894,16,2,1,1,6,3,3,6,4,82,0,-0.903264701366425,0,0.444669157266617,1,4
"419",895,15,6,0,5,6,1,2,5,5,54,1,0.831086695194244,1,0.764242827892303,1,11
"420",897,5,4,0,1,5,3,3,7,6,68.5,0,0.638380944728851,1,-0.67383861541748,0,5
"421",898,4,2,0,1,7,1,2,6,4,80.25,1,0.638380944728851,1,-0.194478139281273,0,3
"422",901,4,2,0,0,5,2,1,5,4,82.6666641235352,1,0.0602638274431229,1,0.284882336854935,1,2
"423",903,6,4,0,0,7,1,2,1,2,70,1,0.638380944728851,1,0.284882336854935,1,4
"424",904,12,5,0,1,4,1,1,6,5,56.5999984741211,0,0.831086695194244,1,-0.514051795005798,0,6
"425",906,1,3,0,1,6,3,3,6,6,81.6666641235352,0,-0.710559010505676,0,-0.833625435829163,0,4
"426",907,11,5,2,5,6,1,1,6,6,73,1,-0.710559010505676,0,0.284882336854935,1,12
"427",908,4,4,2,1,7,2,1,7,5,91.5,0,-0.325147598981857,0,0.604456007480621,1,7
"428",910,25,3,2,5,6,1,1,6,6,88.6666641235352,1,0.0602638274431229,1,-0.0346913151443005,0,10
"429",911,6,5,1,0,7,2,3,2,5,27,0,0.831086695194244,1,-0.67383861541748,0,6
"430",913,5,5,2,2,7,2,2,6,6,66.5,0,0.0602638274431229,1,-0.833625435829163,0,9
"431",914,10,3,2,2,7,1,3,4,5,66.25,1,0.252969533205032,1,-0.354264974594116,0,7
"432",924,13,4,0,0,6,2,2,6,6,65,0,0.638380944728851,1,0.444669157266617,1,4
"433",926,5,4,0,1,5,3,3,5,2,67.6666641235352,0,-0.710559010505676,0,-0.833625435829163,0,5
"434",927,8,4,0,1,7,2,2,2,2,55,0,0.445675253868103,1,0.764242827892303,1,5
"435",928,15,5,2,2,7,1,2,3,5,87,0,0.252969533205032,1,-0.514051795005798,0,9
"436",929,20,6,0,0,7,2,3,5,5,71.5,0,-0.132441878318787,0,0.284882336854935,1,6
"437",930,1,3,1,1,4,2,1,6,2,23,0,-0.132441878318787,0,-0.67383861541748,0,5
"438",932,4,4,2,8,5,2,3,7,7,78,1,-0.132441878318787,0,-0.67383861541748,0,14
"439",934,8,4,2,8,7,3,3,7,7,55.5,1,0.0602638274431229,1,-0.993412256240845,0,14
"440",935,4,4,1,1,5,1,2,6,6,53,0,0.252969533205032,1,-0.354264974594116,0,6
"441",937,12,5,8,2,7,3,3,7,6,72.6666641235352,1,0.445675253868103,1,-0.194478139281273,0,15
"442",938,14,5,0,5,7,2,1,6,7,73,1,0.831086695194244,1,0.764242827892303,1,10
"443",940,19,4,2,1,5,2,2,6,2,66.5,0,0.831086695194244,1,-0.514051795005798,0,7
"444",942,7,6,8,8,7,2,3,0,2,52.5,0,-0.517853319644928,0,0.284882336854935,1,22
"445",943,8,4,2,0,7,2,2,6,2,57,0,-0.132441878318787,0,0.125095501542091,1,6
"446",945,10,6,5,8,7,1,3,7,6,77.6666641235352,1,0.831086695194244,1,0.125095501542091,1,19
"447",948,3,5,1,0,6,2,2,2,7,57,1,0.638380944728851,1,0.764242827892303,1,6
"448",949,3,2,0,0,6,2,2,6,6,72.5,1,-0.325147598981857,0,0.125095501542091,1,2
"449",950,2,1,0,0,5,0,1,8,6,72.5999984741211,0,0.831086695194244,1,-0.833625435829163,0,1
"450",951,10,4,0,0,7,3,3,6,6,70,0,0.445675253868103,1,-0.993412256240845,0,4
"451",955,12,4,2,8,5,2,1,5,6,71,1,0.0602638274431229,1,-0.0346913151443005,0,14
"452",956,3,2,0,0,5,3,3,6,0,59,1,0.831086695194244,1,-0.0346913151443005,0,2
"453",957,30,2,2,0,5,3,3,6,6,78,1,-0.903264701366425,0,-0.993412256240845,0,4
"454",958,5,5,2,2,7,0,2,7,8,67.75,1,0.445675253868103,1,-0.67383861541748,0,9
"455",962,4,5,0,0,4,1,1,6,6,69,0,-0.325147598981857,0,-0.354264974594116,0,5
"456",963,3,3,0,0,6,2,2,5,1,61,1,0.831086695194244,1,-0.67383861541748,0,3
"457",965,3,3,0,0,4,1,1,2,6,66.3333358764648,0,0.0602638274431229,1,-0.194478139281273,0,3
"458",966,19,6,5,5,7,2,2,8,7,73,1,0.445675253868103,1,0.764242827892303,1,16
"459",968,15,6,2,5,7,1,2,6,6,71.6666641235352,0,0.445675253868103,1,-0.354264974594116,0,13
"460",969,40,6,2,8,7,1,2,0,0,74.5,1,-0.325147598981857,0,0.125095501542091,1,16
"461",975,3,4,0,0,4,1,1,1,2,86,0,-0.325147598981857,0,-0.0346913151443005,0,4
"462",976,5,6,0,1,7,2,2,7,6,77,1,-0.517853319644928,0,0.924029648303986,1,7
"463",978,4,5,2,1,3,2,1,6,5,35.3333320617676,0,-0.132441878318787,0,0.125095501542091,1,8
"464",979,5,3,1,0,7,1,1,5,5,54,0,-0.710559010505676,0,-0.0346913151443005,0,4
"465",982,8,5,5,2,7,2,3,6,6,62.5999984741211,0,0.0602638274431229,1,-0.993412256240845,0,12
"466",983,5,4,2,1,7,1,1,4,4,74,1,0.252969533205032,1,0.125095501542091,1,7
"467",987,4,5,2,2,7,3,3,2,6,67.5,1,0.445675253868103,1,-0.67383861541748,0,9
"468",988,10,5,0,2,7,3,3,6,5,38,1,0.638380944728851,1,-0.67383861541748,0,7
"469",990,7,3,2,8,7,1,1,6,6,87.5,1,-0.132441878318787,0,0.284882336854935,1,13
"470",991,15,4,2,2,6,0,1,6,6,77.3333358764648,0,0.445675253868103,1,-0.194478139281273,0,8
"471",992,42,6,0,0,3,3,3,6,6,75,0,-0.710559010505676,0,-0.833625435829163,0,6
"472",993,7,1,0,0,4,1,3,7,6,54,0,0.0602638274431229,1,-0.67383861541748,0,1
"473",994,35,2,2,1,7,3,3,7,5,52.6666679382324,0,0.831086695194244,1,0.604456007480621,1,5
"474",995,10,3,1,1,6,3,2,2,2,80,0,-0.132441878318787,0,-0.354264974594116,0,5
"475",997,30,4,1,1,5,2,3,6,6,62.25,1,-0.132441878318787,0,0.125095501542091,1,6
"476",999,3,5,2,0,7,1,2,6,2,80.25,1,0.638380944728851,1,0.125095501542091,1,7
"477",1000,25,3,0,2,5,1,1,5,5,54,0,0.0602638274431229,1,0.444669157266617,1,5
"478",1001,5,5,2,1,7,1,1,4,2,66,1,-0.903264701366425,0,0.444669157266617,1,8
"479",1005,3,4,0,2,5,2,3,0,7,52,1,-0.517853319644928,0,-0.833625435829163,0,6
"480",1006,2,3,2,2,6,2,1,1,1,22.5,0,0.831086695194244,1,0.764242827892303,1,7
"481",1007,9,3,2,1,7,3,2,1,2,74,1,0.252969533205032,1,0.764242827892303,1,6
"482",1011,10,4,2,1,5,2,2,3,6,63.5,1,-0.132441878318787,0,-0.514051795005798,0,7
"483",1013,10,3,0,2,6,1,1,6,5,83.6666641235352,1,-0.710559010505676,0,-0.514051795005798,0,5
"484",1014,3,4,2,2,7,1,2,7,5,74,1,-0.325147598981857,0,-0.67383861541748,0,8
"485",1015,16,4,2,2,7,1,1,6,6,74,1,0.0602638274431229,1,-0.0346913151443005,0,8
"486",1016,8,4,0,0,7,2,2,7,6,76,1,-0.517853319644928,0,-0.354264974594116,0,4
"487",1020,14,3,2,2,6,1,2,2,2,80,0,-0.132441878318787,0,-0.0346913151443005,0,7
"488",1021,10,6,8,5,7,2,1,3,3,76,0,0.252969533205032,1,-0.0346913151443005,0,19
"489",1024,10,4,0,0,4,2,2,7,7,65,1,-0.132441878318787,0,0.125095501542091,1,4
"490",1026,3,5,2,5,7,2,2,6,6,74.5,1,-0.710559010505676,0,0.284882336854935,1,12
"491",1027,14,3,0,0,7,3,3,5,2,63,1,-0.132441878318787,0,0.125095501542091,1,3
"492",1029,8,4,2,1,6,1,1,5,5,75.3333358764648,0,0.831086695194244,1,-0.194478139281273,0,7
"493",1030,4,5,2,2,4,1,2,7,6,51,1,-0.325147598981857,0,0.444669157266617,1,9
"494",1031,7,5,2,1,4,2,1,5,5,65,0,-0.132441878318787,0,0.444669157266617,1,8
"495",1034,15,5,0,1,4,1,1,7,2,65,1,0.831086695194244,1,0.125095501542091,1,6
"496",1046,3,3,0,0,6,2,3,7,6,63,1,-0.710559010505676,0,0.764242827892303,1,3
"497",1047,3,3,0,2,2,2,1,6,2,45,0,-0.903264701366425,0,0.444669157266617,1,5
"498",1049,4,4,2,2,7,2,2,6,6,53.25,1,-0.325147598981857,0,-0.194478139281273,0,8
"499",1051,6,3,1,1,5,2,2,0,0,66,0,0.638380944728851,1,-0.67383861541748,0,5
